<?xml version="1.0" encoding="UTF-8"?>
<project-private xmlns="http://www.netbeans.org/ns/project-private/1">
    <editor-bookmarks xmlns="http://www.netbeans.org/ns/editor-bookmarks/2" lastBookmarkId="0"/>
    <open-files xmlns="http://www.netbeans.org/ns/projectui-open-files/2">
        <group>
            <file>file:/D:/Freelancer/Nidhi/56_Neural%20assessment_4500/ProjectFiles/USC/src/USC_Booking/ModifyBooking.java</file>
            <file>file:/D:/Freelancer/Nidhi/56_Neural%20assessment_4500/ProjectFiles/USC/src/USC_Booking/MonthlyReport.java</file>
            <file>file:/D:/Freelancer/Nidhi/56_Neural%20assessment_4500/ProjectFiles/USC/src/USC_Booking/UniversitySportsCentre.java</file>
            <file>file:/D:/Freelancer/Nidhi/56_Neural%20assessment_4500/ProjectFiles/USC/src/USC_Booking/GrpExercise.java</file>
            <file>file:/D:/Freelancer/Nidhi/56_Neural%20assessment_4500/ProjectFiles/USC/src/USC_Booking/ReviewClass.java</file>
            <file>file:/D:/Freelancer/Nidhi/56_Neural%20assessment_4500/ProjectFiles/USC/src/USC_Booking/ChampionClass.java</file>
        </group>
    </open-files>
</project-private>
